image	https://www.fujian.gov.cn/sylm/szyw/202403/W020240305420645647132.gif	
image	https://www.fujian.gov.cn/sylm/szyw/202403/W020240305420649272483.gif	
image	https://www.fujian.gov.cn/sylm/szyw/202403/W020240305423909750560.gif	
image	https://www.fujian.gov.cn/sylm/szyw/202403/W020240305423911913003.gif	
image	https://www.fujian.gov.cn/sylm/szyw/202403/W020240305423913183099.gif	
image	https://www.fujian.gov.cn/sylm/szyw/202403/W020240305423913308224.gif	
image	https://www.fujian.gov.cn/sylm/szyw/202403/W020240305423913453217.gif	
image	https://www.fujian.gov.cn/sylm/szyw/202403/W020240305430840613703.gif	
image	https://www.fujian.gov.cn/sylm/szyw/202403/W020240305430840887257.gif	
image	https://www.fujian.gov.cn/sylm/szyw/202403/W020240305448727771600.gif	
image	https://www.fujian.gov.cn/sylm/szyw/202403/W020240305448728843086.gif	
image	https://www.fujian.gov.cn/sylm/szyw/202403/W020240305448729265061.gif	
image	https://www.fujian.gov.cn/sylm/szyw/202403/W020240305448729501792.gif	
image	https://www.fujian.gov.cn/sylm/szyw/202403/W020240305448729634089.gif	
image	https://www.fujian.gov.cn/sylm/szyw/202403/W020240305448729737882.gif	
image	https://www.fujian.gov.cn/sylm/szyw/202403/W020240305448729816753.gif	
image	https://www.fujian.gov.cn/sylm/szyw/202403/W020240305448729898432.gif	
image	https://www.fujian.gov.cn/sylm/szyw/202403/W020240305448730003044.gif	
image	https://www.fujian.gov.cn/sylm/szyw/202403/W020240305448730156583.gif	
image	https://www.fujian.gov.cn/sylm/szyw/202403/W020240305468460295206.gif	
image	https://www.fujian.gov.cn/sylm/szyw/202403/W020240305468462069291.gif	
image	https://www.fujian.gov.cn/sylm/szyw/202403/W020240305468462173950.gif	
image	https://www.fujian.gov.cn/sylm/szyw/202403/W020240305468462416284.gif	
image	https://www.fujian.gov.cn/sylm/szyw/202403/W020240305470798556188.gif	
image	https://www.fujian.gov.cn/sylm/szyw/202403/W020240305470800190780.gif	
image	https://www.fujian.gov.cn/sylm/szyw/202403/W020240305470802077718.gif	
image	https://www.fujian.gov.cn/sylm/szyw/202403/W020240305471878041547.gif	
image	https://www.fujian.gov.cn/sylm/szyw/202403/W020240305471879288723.gif	