image	http://tjj.sm.gov.cn/ztzl/smsdwcjjpc/tpxw_34800/202401/W020240104306503340639.jpg	
image	http://tjj.sm.gov.cn/ztzl/smsdwcjjpc/tpxw_34800/202309/W020230906637071620349.jpg	
image	http://tjj.sm.gov.cn/ztzl/smsdwcjjpc/tpxw_34800/202304/W020230411561433183507.jpg	
image	http://tjj.sm.gov.cn/images/20170818_smszf_gabalogo.png	
link	https://mp.weixin.qq.com/s/dYUR-4TMBomOqx7rzjQKXQ	五经普丨理清普查业务流程，这张长图务必收藏！
link	https://mp.weixin.qq.com/s/9K9nbmBtD2uqTCevh0L1xQ	转发收藏！一张长图带你揭秘“五经普”这些新变化！
link	https://mp.weixin.qq.com/s/0J93Xd1_EpbV1PybXTiR-A	【统计微课堂】带您了解五经普投入产出调查
link	https://mp.weixin.qq.com/s/JxNoivrR05wMRLQk5A7tSg	第五次全国经济普查怎么干？一图读懂普查方案！
link	https://mp.weixin.qq.com/s/jp6tlDn7iX6GFwxiOSeqiQ	转发走起！这组“五经普”海报来霸屏
link	https://weibo.com/tv/show/1034:4950233323601967?from=old_pc_videoshow	相约经济大普查
link	https://mp.weixin.qq.com/s/NH0nXzJm-jWUsYLTYa0FTQ	【各地话经普】五经普+山歌+黄梅戏，这首歌想唱给...
link	https://mp.weixin.qq.com/s/SU7uGOMW35OgqcIvnpk9hA?poc_token=HOVUXWWjJWiCC1U3J8nqOAftFZ0htOnUEZgEXq7c	五经普丨360 行，行行来报“到”！制造业从业者这样说
link	https://mp.weixin.qq.com/s/S34yq7phLU1zfl3R2vdD9w	五经普丨360 行，行行来报“到”！非遗传承人集结
link	https://mp.weixin.qq.com/s/XRfECRiLK4UoRCTCfTqJKw	五经普丨360 行，行行来报“到”！服务业百花齐放
link	https://mp.weixin.qq.com/s/0t3qZp2AwCh2VdoCP2kxHQ	五经普 | 360行，行行来报“到”！个体经营户来打c...